{
    "silhouette_score": 0.5128627791823496,
    "davies_bouldin_score": 0.6255837017724543
}