{
    "silhouette_score": 0.4127576767863796,
    "davies_bouldin_score": 0.7789668790728526
}